<?xml version = '1.0' encoding = 'UTF-8'?>
<Diagram class="oracle.dbtools.crest.swingui.relational.DPVRelational" name="Relational_3" id="FECB0253-86B8-62A0-8FB2-D49B2416E4BB">
<createdBy>Admin</createdBy>
<modifiedBy>Admin</modifiedBy>
<createdTime>2020-01-09 09:50:17 UTC</createdTime>
<autoRoute>false</autoRoute>
<boxInbox>true</boxInbox>
<showLegend>false</showLegend>
<showLabels>false</showLabels>
<showRelAttributes>false</showRelAttributes>
<gridEnabled>false</gridEnabled>
<showGrid>false</showGrid>
<diagramColor>-1</diagramColor>
<display>false</display>
<notation>1</notation>
<objectViews>
<OView class="oracle.dbtools.crest.swingui.relational.TVTable" oid="0601C804-1435-1120-8D45-9FA59BF90029" otype="Table" vid="999ED01F-472C-DE61-752A-5A8B1AF3E499">
<hideElementsInCurrentOnly>false</hideElementsInCurrentOnly>
<bounds x="1119" y="29" width="202" height="146"/>
</OView>
<OView class="oracle.dbtools.crest.swingui.relational.TVTable" oid="34758E7E-B45F-A02B-47BF-FF8E4EB02E70" otype="Table" vid="9B080498-B65B-4191-346B-F123AF9C94EA">
<hideElementsInCurrentOnly>false</hideElementsInCurrentOnly>
<bounds x="391" y="46" width="239" height="175"/>
</OView>
<OView class="oracle.dbtools.crest.swingui.relational.TVTable" oid="3BAF1E2B-DF28-00CF-724A-52E07E8236FE" otype="Table" vid="848CC753-AFB2-AE5E-EF15-EBBC4599BDAC">
<hideElementsInCurrentOnly>false</hideElementsInCurrentOnly>
<bounds x="730" y="17" width="295" height="167"/>
</OView>
<OView class="oracle.dbtools.crest.swingui.relational.TVTable" oid="7ABD1434-8CE3-F3E0-1F42-EB5614247FD0" otype="Table" vid="A8ECC26C-18E1-67F2-69BA-9073FB30CA97">
<hideElementsInCurrentOnly>false</hideElementsInCurrentOnly>
<bounds x="304" y="307" width="279" height="152"/>
</OView>
<OView class="oracle.dbtools.crest.swingui.relational.TVTable" oid="C127A0ED-31A0-ED1F-2F6D-3591679305B0" otype="Table" vid="30522045-5A80-BA81-0EF0-7F5A83920A07">
<hideElementsInCurrentOnly>false</hideElementsInCurrentOnly>
<bounds x="36" y="320" width="213" height="143"/>
</OView>
<OView class="oracle.dbtools.crest.swingui.relational.TVTable" oid="FE535222-520A-075D-6C40-57A185B12F56" otype="Table" vid="22BC4400-6FA9-B5DC-883C-4E1DFC10620D">
<hideElementsInCurrentOnly>false</hideElementsInCurrentOnly>
<bounds x="32" y="42" width="210" height="129"/>
</OView>
</objectViews>
<connectors>
<Connector class="oracle.dbtools.crest.swingui.relational.TVFKRelation" oid="26138C17-A577-351D-A203-84CE0D8A1D6D" otype="FKIndexAssociation" vid_source="9B080498-B65B-4191-346B-F123AF9C94EA" vid_target="A8ECC26C-18E1-67F2-69BA-9073FB30CA97">
<hideElementsInCurrentOnly>false</hideElementsInCurrentOnly>
<lineWidth>1</lineWidth>
<points>
<point x="487" y="221"/>
<point x="487" y="307"/>
</points>
</Connector>
<Connector class="oracle.dbtools.crest.swingui.relational.TVFKRelation" oid="27082198-6328-9338-E2EC-21CE3C4DD844" otype="FKIndexAssociation" vid_source="A8ECC26C-18E1-67F2-69BA-9073FB30CA97" vid_target="848CC753-AFB2-AE5E-EF15-EBBC4599BDAC">
<hideElementsInCurrentOnly>false</hideElementsInCurrentOnly>
<lineWidth>1</lineWidth>
<points>
<point x="443" y="307"/>
<point x="877" y="184"/>
</points>
</Connector>
<Connector class="oracle.dbtools.crest.swingui.relational.TVFKRelation" oid="56BA9794-80E0-A158-4EE1-EED73FE17B3E" otype="FKIndexAssociation" vid_source="999ED01F-472C-DE61-752A-5A8B1AF3E499" vid_target="848CC753-AFB2-AE5E-EF15-EBBC4599BDAC">
<hideElementsInCurrentOnly>false</hideElementsInCurrentOnly>
<lineWidth>1</lineWidth>
<points>
<point x="1119" y="102"/>
<point x="1025" y="102"/>
</points>
</Connector>
<Connector class="oracle.dbtools.crest.swingui.relational.TVFKRelation" oid="9FF71C92-76C9-F3DB-89B5-31F217C1A8B7" otype="FKIndexAssociation" vid_source="30522045-5A80-BA81-0EF0-7F5A83920A07" vid_target="22BC4400-6FA9-B5DC-883C-4E1DFC10620D">
<hideElementsInCurrentOnly>false</hideElementsInCurrentOnly>
<lineWidth>1</lineWidth>
<points>
<point x="139" y="320"/>
<point x="139" y="171"/>
</points>
</Connector>
<Connector class="oracle.dbtools.crest.swingui.relational.TVFKRelation" oid="A325C96F-1EC9-C8D4-54E8-8868CCA1EFB3" otype="FKIndexAssociation" vid_source="9B080498-B65B-4191-346B-F123AF9C94EA" vid_target="848CC753-AFB2-AE5E-EF15-EBBC4599BDAC">
<hideElementsInCurrentOnly>false</hideElementsInCurrentOnly>
<lineWidth>1</lineWidth>
<points>
<point x="630" y="115"/>
<point x="730" y="115"/>
</points>
</Connector>
<Connector class="oracle.dbtools.crest.swingui.relational.TVFKRelation" oid="C3C0BA5F-F341-4DB3-5E80-4EEABD2B31EA" otype="FKIndexAssociation" vid_source="9B080498-B65B-4191-346B-F123AF9C94EA" vid_target="22BC4400-6FA9-B5DC-883C-4E1DFC10620D">
<hideElementsInCurrentOnly>false</hideElementsInCurrentOnly>
<lineWidth>1</lineWidth>
<points>
<point x="391" y="108"/>
<point x="242" y="108"/>
</points>
</Connector>
</connectors>
</Diagram>