<?xml version = '1.0' encoding = 'UTF-8'?>
<relationalModel class="oracle.dbtools.crest.model.design.relational.RelationalDesign" name="Relational_4" id="886428F0-EA6B-04B5-720B-7CBB443F4585" mainViewID="EA11CE92-50FE-FD0D-42D6-C167F14DB000">
<createdBy>Admin</createdBy>
<createdTime>2020-01-10 08:31:54 UTC</createdTime>
<ownerDesignName>Final ERD of Normalization</ownerDesignName>
<shouldBeOpen>false</shouldBeOpen>
<selectedRDBMSSite>32076570-2523-435C-2E92-BF29817DFF70</selectedRDBMSSite>
</relationalModel>