<?xml version = '1.0' encoding = 'UTF-8'?>
<relationalModel class="oracle.dbtools.crest.model.design.relational.RelationalDesign" name="Relational_5" id="F6478E75-38F5-D2BB-2FA9-6B9FC1E58C5E" mainViewID="73BD7658-6971-3C1E-87F7-7328F9C103B9">
<createdBy>Admin</createdBy>
<createdTime>2020-01-10 08:53:31 UTC</createdTime>
<ownerDesignName>Final ERD of Normalization</ownerDesignName>
<shouldBeOpen>false</shouldBeOpen>
<selectedRDBMSSite>32076570-2523-435C-2E92-BF29817DFF70</selectedRDBMSSite>
</relationalModel>