<?xml version = '1.0' encoding = 'UTF-8'?>
<FKIndexAssociation class="oracle.dbtools.crest.model.design.relational.FKIndexAssociation" directorySegmentName="seg_0" id="0BBB6467-783B-3342-F3D8-4C2C7CB8F511" containerWithKeyObject="84C3AB67-F2C0-3427-A9D8-F5ACC195EB65" localFKIndex="D2ADB5C1-B5D7-1417-D2F6-6092774500C7" name="Package_Activity_Package_FK">
<createdBy>Admin</createdBy>
<createdTime>2020-01-09 09:52:10 UTC</createdTime>
<ownerDesignName>Final ERD of Normalization</ownerDesignName>
<deleteRule>NO ACTION</deleteRule>
<referredTableID>8F11B7F5-A5A2-C930-FF2D-2DD66742723C</referredTableID>
<keyObject>17ACCDDD-F6D5-0E7D-D362-5A7E0484E0F5</keyObject>
<referredKeyID>17ACCDDD-F6D5-0E7D-D362-5A7E0484E0F5</referredKeyID>
<mandatory>true</mandatory>
<transferable>true</transferable>
<rely>false</rely>
<columnDependencyConstraintGenerateInDDL>true</columnDependencyConstraintGenerateInDDL>
</FKIndexAssociation>