<?xml version = '1.0' encoding = 'UTF-8'?>
<FKIndexAssociation class="oracle.dbtools.crest.model.design.relational.FKIndexAssociation" directorySegmentName="seg_0" id="DACC342D-A349-0D48-7B8F-B3A371A2858F" containerWithKeyObject="5876C4D1-23AC-2F54-B1E7-9AAEC472EC17" localFKIndex="419C6DC7-7B57-7964-60C7-E382255FC284" name="Package_Destination_Package_FK">
<createdBy>Admin</createdBy>
<createdTime>2020-01-09 09:37:26 UTC</createdTime>
<ownerDesignName>Final ERD of Normalization</ownerDesignName>
<deleteRule>NO ACTION</deleteRule>
<referredTableID>8F11B7F5-A5A2-C930-FF2D-2DD66742723C</referredTableID>
<keyObject>17ACCDDD-F6D5-0E7D-D362-5A7E0484E0F5</keyObject>
<referredKeyID>17ACCDDD-F6D5-0E7D-D362-5A7E0484E0F5</referredKeyID>
<mandatory>true</mandatory>
<transferable>true</transferable>
<rely>false</rely>
<columnDependencyConstraintGenerateInDDL>true</columnDependencyConstraintGenerateInDDL>
</FKIndexAssociation>