<?xml version = '1.0' encoding = 'UTF-8'?>
<Table class="oracle.dbtools.crest.model.design.relational.Table" directorySegmentName="seg_0" id="331A1377-6EA0-79F2-620C-3FF8D25BC6C8" name="Customer">
<createdBy>Admin</createdBy>
<createdTime>2020-01-10 08:55:43 UTC</createdTime>
<ownerDesignName>Final ERD of Normalization</ownerDesignName>
<ordsAlias>table_6</ordsAlias>
<allowColumnReorder>false</allowColumnReorder>
<existDependencyGenerateInDDl>true</existDependencyGenerateInDDl>
<parsed>true</parsed>
<columns itemClass="oracle.dbtools.crest.model.design.relational.Column">
<Column name="Customer_ID" id="D28247B5-0F50-5C00-9C5F-E49CD8854722">
<createdBy>Admin</createdBy>
<createdTime>2020-01-10 08:56:12 UTC</createdTime>
<ownerDesignName>Final ERD of Normalization</ownerDesignName>
<useDomainConstraints>false</useDomainConstraints>
<use>1</use>
<logicalDatatype>LOGDT011</logicalDatatype>
<ownDataTypeParameters>,,</ownDataTypeParameters>
<autoIncrementCycle>false</autoIncrementCycle>
</Column>
<Column name="Package_Id" id="D2C3F78D-469E-5903-1074-83CD3D39BCE5">
<createdBy>Admin</createdBy>
<createdTime>2020-01-12 01:39:04 UTC</createdTime>
<ownerDesignName>Final ERD of Normalization</ownerDesignName>
<useDomainConstraints>false</useDomainConstraints>
<use>1</use>
<logicalDatatype>LOGDT024</logicalDatatype>
<dataTypeSize>50</dataTypeSize>
<ownDataTypeParameters>,,</ownDataTypeParameters>
<previousColumn>false</previousColumn>
<autoIncrementCycle>false</autoIncrementCycle>
<associations>
<colAssociation fkAssociation="DE7CF113-2C4B-BF51-A6DA-909C77F25BA1" referredColumn="C4722BE1-C1BD-6DA6-7E96-22B06DEC0ACF"/>
</associations>
</Column>
<Column name="Customer_Name" id="47098F3B-5C35-D47D-ED07-5F8D08095CCF">
<createdBy>Admin</createdBy>
<createdTime>2020-01-10 08:56:24 UTC</createdTime>
<ownerDesignName>Final ERD of Normalization</ownerDesignName>
<useDomainConstraints>false</useDomainConstraints>
<use>1</use>
<logicalDatatype>LOGDT024</logicalDatatype>
<dataTypeSize>50</dataTypeSize>
<ownDataTypeParameters>50,,</ownDataTypeParameters>
<autoIncrementCycle>false</autoIncrementCycle>
</Column>
<Column name="Address" id="B1D421A6-63F6-588F-2EDD-8027B2EEE92E">
<createdBy>Admin</createdBy>
<createdTime>2020-01-10 08:56:42 UTC</createdTime>
<ownerDesignName>Final ERD of Normalization</ownerDesignName>
<useDomainConstraints>false</useDomainConstraints>
<use>1</use>
<logicalDatatype>LOGDT024</logicalDatatype>
<dataTypeSize>50</dataTypeSize>
<ownDataTypeParameters>50,,</ownDataTypeParameters>
<autoIncrementCycle>false</autoIncrementCycle>
</Column>
<Column name="PhoneNo" id="D5158A2E-6F4D-8561-0A14-24A18BD0097E">
<createdBy>Admin</createdBy>
<createdTime>2020-01-10 08:57:04 UTC</createdTime>
<ownerDesignName>Final ERD of Normalization</ownerDesignName>
<useDomainConstraints>false</useDomainConstraints>
<use>1</use>
<logicalDatatype>LOGDT024</logicalDatatype>
<dataTypeSize>50</dataTypeSize>
<ownDataTypeParameters>50,,</ownDataTypeParameters>
<autoIncrementCycle>false</autoIncrementCycle>
</Column>
<Column name="EmailAddress" id="9985AB0D-5459-EF80-AE47-27637C914743">
<createdBy>Admin</createdBy>
<createdTime>2020-01-10 08:57:25 UTC</createdTime>
<ownerDesignName>Final ERD of Normalization</ownerDesignName>
<useDomainConstraints>false</useDomainConstraints>
<use>1</use>
<logicalDatatype>LOGDT024</logicalDatatype>
<dataTypeSize>50</dataTypeSize>
<ownDataTypeParameters>50,,</ownDataTypeParameters>
<autoIncrementCycle>false</autoIncrementCycle>
</Column>
</columns>
<indexes itemClass="oracle.dbtools.crest.model.design.relational.Index">
<ind_PK_UK id="0F3B91BB-0A17-4BE4-AEEB-862A75B4C6ED" name="Customer_PK">
<createdBy>Admin</createdBy>
<createdTime>2020-01-10 08:56:12 UTC</createdTime>
<ownerDesignName>Final ERD of Normalization</ownerDesignName>
<pk>true</pk>
<indexState>Primary Constraint</indexState>
<isSurrogateKey>false</isSurrogateKey>
<indexColumnUsage>
<colUsage columnID="D2C3F78D-469E-5903-1074-83CD3D39BCE5"/>
<colUsage columnID="D28247B5-0F50-5C00-9C5F-E49CD8854722"/>
</indexColumnUsage>
</ind_PK_UK>
<ind_PK_UK id="09AA6E59-5A32-3AFC-5E4C-EE6638D124AC" name="Customer_Package_FK">
<createdBy>Admin</createdBy>
<createdTime>2020-01-12 01:39:04 UTC</createdTime>
<ownerDesignName>Final ERD of Normalization</ownerDesignName>
<indexState>Foreign Key</indexState>
<isSurrogateKey>false</isSurrogateKey>
<indexColumnUsage>
<colUsage columnID="D2C3F78D-469E-5903-1074-83CD3D39BCE5"/>
</indexColumnUsage>
</ind_PK_UK>
</indexes>
</Table>