<?xml version = '1.0' encoding = 'UTF-8'?>
<Table class="oracle.dbtools.crest.model.design.relational.Table" directorySegmentName="seg_0" id="35362C93-5A3E-0B64-5C5D-03D4F129BCA5" name="Activity">
<createdBy>Admin</createdBy>
<createdTime>2020-01-10 08:53:50 UTC</createdTime>
<ownerDesignName>Final ERD of Normalization</ownerDesignName>
<ordsAlias>table_5</ordsAlias>
<allowColumnReorder>false</allowColumnReorder>
<existDependencyGenerateInDDl>true</existDependencyGenerateInDDl>
<parsed>true</parsed>
<columns itemClass="oracle.dbtools.crest.model.design.relational.Column">
<Column name="Activity_ID" id="9AC58E1D-7D16-DCDB-E479-A23E750BB7E8">
<createdBy>Admin</createdBy>
<createdTime>2020-01-10 08:53:50 UTC</createdTime>
<ownerDesignName>Final ERD of Normalization</ownerDesignName>
<useDomainConstraints>false</useDomainConstraints>
<use>1</use>
<logicalDatatype>LOGDT011</logicalDatatype>
<ownDataTypeParameters>,,</ownDataTypeParameters>
<autoIncrementCycle>false</autoIncrementCycle>
</Column>
<Column name="Activities" id="12437AEC-093F-186C-680B-E54A888BCD38">
<createdBy>Admin</createdBy>
<createdTime>2020-01-10 08:53:50 UTC</createdTime>
<ownerDesignName>Final ERD of Normalization</ownerDesignName>
<useDomainConstraints>false</useDomainConstraints>
<use>1</use>
<logicalDatatype>LogDes-1768A872-F385-FDBA-D95E-0CB63F5908E2@LOGDT10045</logicalDatatype>
<ownDataTypeParameters>,,</ownDataTypeParameters>
<autoIncrementCycle>false</autoIncrementCycle>
</Column>
<Column name="Travel_Mode" id="6779C6F6-BF34-3041-8BB1-D9D1EF77FB47">
<createdBy>Admin</createdBy>
<createdTime>2020-01-12 01:42:45 UTC</createdTime>
<ownerDesignName>Final ERD of Normalization</ownerDesignName>
<useDomainConstraints>false</useDomainConstraints>
<use>1</use>
<logicalDatatype>LOGDT024</logicalDatatype>
<dataTypeSize>50</dataTypeSize>
<ownDataTypeParameters>50,,</ownDataTypeParameters>
<autoIncrementCycle>false</autoIncrementCycle>
</Column>
</columns>
<indexes itemClass="oracle.dbtools.crest.model.design.relational.Index">
<ind_PK_UK id="180EC3DD-B822-7229-3ABF-1F73D52B1E08" name="Activity_PK">
<createdBy>Admin</createdBy>
<createdTime>2020-01-10 08:53:50 UTC</createdTime>
<ownerDesignName>Final ERD of Normalization</ownerDesignName>
<pk>true</pk>
<indexState>Primary Constraint</indexState>
<isSurrogateKey>false</isSurrogateKey>
<indexColumnUsage>
<colUsage columnID="9AC58E1D-7D16-DCDB-E479-A23E750BB7E8"/>
</indexColumnUsage>
</ind_PK_UK>
</indexes>
</Table>