<?xml version = '1.0' encoding = 'UTF-8'?>
<Table class="oracle.dbtools.crest.model.design.relational.Table" directorySegmentName="seg_0" id="88959D74-1FE2-2E76-769E-8539A46428F0" name="PackageDays">
<createdBy>Admin</createdBy>
<createdTime>2020-01-10 08:53:50 UTC</createdTime>
<ownerDesignName>Final ERD of Normalization</ownerDesignName>
<ordsAlias>table_2</ordsAlias>
<allowColumnReorder>false</allowColumnReorder>
<existDependencyGenerateInDDl>true</existDependencyGenerateInDDl>
<parsed>true</parsed>
<columns itemClass="oracle.dbtools.crest.model.design.relational.Column">
<Column name="Day" id="36DA1007-C226-1966-4933-FD73C77995BC">
<createdBy>Admin</createdBy>
<createdTime>2020-01-10 08:53:50 UTC</createdTime>
<ownerDesignName>Final ERD of Normalization</ownerDesignName>
<useDomainConstraints>false</useDomainConstraints>
<use>1</use>
<logicalDatatype>LOGDT024</logicalDatatype>
<dataTypeSize>50</dataTypeSize>
<ownDataTypeParameters>50,,</ownDataTypeParameters>
<autoIncrementCycle>false</autoIncrementCycle>
</Column>
<Column name="Package_Id" id="0DD51D57-EBCB-D082-7E90-DEBB30357888">
<createdBy>Admin</createdBy>
<createdTime>2020-01-10 08:53:50 UTC</createdTime>
<ownerDesignName>Final ERD of Normalization</ownerDesignName>
<useDomainConstraints>false</useDomainConstraints>
<use>1</use>
<logicalDatatype>LOGDT024</logicalDatatype>
<dataTypeSize>50</dataTypeSize>
<ownDataTypeParameters>,,</ownDataTypeParameters>
<previousColumn>false</previousColumn>
<autoIncrementCycle>false</autoIncrementCycle>
<associations>
<colAssociation fkAssociation="56401789-C3CB-832E-B467-1DDBC793D344" referredColumn="C4722BE1-C1BD-6DA6-7E96-22B06DEC0ACF"/>
</associations>
</Column>
<Column name="Travel_Details" id="11F6A3C7-2429-F688-09FA-4488BB70ABA7">
<createdBy>Admin</createdBy>
<createdTime>2020-01-10 08:53:50 UTC</createdTime>
<ownerDesignName>Final ERD of Normalization</ownerDesignName>
<useDomainConstraints>false</useDomainConstraints>
<use>1</use>
<logicalDatatype>LOGDT024</logicalDatatype>
<dataTypeSize>50</dataTypeSize>
<ownDataTypeParameters>50,,</ownDataTypeParameters>
<autoIncrementCycle>false</autoIncrementCycle>
</Column>
<Column name="Difficulty_Mode" id="2419F9BF-3D90-4B60-A286-397C1DAAF7B4">
<createdBy>Admin</createdBy>
<createdTime>2020-01-10 08:53:50 UTC</createdTime>
<ownerDesignName>Final ERD of Normalization</ownerDesignName>
<useDomainConstraints>false</useDomainConstraints>
<use>1</use>
<logicalDatatype>LOGDT024</logicalDatatype>
<dataTypeSize>50</dataTypeSize>
<ownDataTypeParameters>50,,</ownDataTypeParameters>
<autoIncrementCycle>false</autoIncrementCycle>
</Column>
<Column name="Status" id="52682E5C-6F4E-AB6B-0E8F-238ED222B415">
<createdBy>Admin</createdBy>
<createdTime>2020-01-12 01:43:13 UTC</createdTime>
<ownerDesignName>Final ERD of Normalization</ownerDesignName>
<useDomainConstraints>false</useDomainConstraints>
<use>1</use>
<logicalDatatype>LOGDT024</logicalDatatype>
<dataTypeSize>50</dataTypeSize>
<ownDataTypeParameters>50,,</ownDataTypeParameters>
<autoIncrementCycle>false</autoIncrementCycle>
</Column>
</columns>
<indexes itemClass="oracle.dbtools.crest.model.design.relational.Index">
<ind_PK_UK id="57A7D2EB-BA1F-D49D-B50C-FFE95C803F22" name="PackageDays_PK">
<createdBy>Admin</createdBy>
<createdTime>2020-01-10 08:53:50 UTC</createdTime>
<ownerDesignName>Final ERD of Normalization</ownerDesignName>
<pk>true</pk>
<indexState>Primary Constraint</indexState>
<isSurrogateKey>false</isSurrogateKey>
<indexColumnUsage>
<colUsage columnID="0DD51D57-EBCB-D082-7E90-DEBB30357888"/>
<colUsage columnID="36DA1007-C226-1966-4933-FD73C77995BC"/>
</indexColumnUsage>
</ind_PK_UK>
<ind_PK_UK id="2F36DCDE-5591-2202-2DA4-4992CC4634AB" name="PackageDays_Package_FK">
<createdBy>Admin</createdBy>
<createdTime>2020-01-10 08:53:50 UTC</createdTime>
<ownerDesignName>Final ERD of Normalization</ownerDesignName>
<indexState>Foreign Key</indexState>
<isSurrogateKey>false</isSurrogateKey>
<indexColumnUsage>
<colUsage columnID="0DD51D57-EBCB-D082-7E90-DEBB30357888"/>
</indexColumnUsage>
</ind_PK_UK>
</indexes>
</Table>