<?xml version = '1.0' encoding = 'UTF-8'?>
<Table class="oracle.dbtools.crest.model.design.relational.Table" directorySegmentName="seg_0" id="77CFE659-DAAC-364B-A3D1-479E8025E1CF" name="Destination">
<createdBy>Admin</createdBy>
<createdTime>2020-01-09 08:47:48 UTC</createdTime>
<ownerDesignName>Final ERD of Normalization</ownerDesignName>
<ordsAlias>table_9</ordsAlias>
<allowColumnReorder>false</allowColumnReorder>
<existDependencyGenerateInDDl>true</existDependencyGenerateInDDl>
<parsed>true</parsed>
<columns itemClass="oracle.dbtools.crest.model.design.relational.Column">
<Column name="Destination_Id" id="079D491C-AA7D-13D9-6F1E-F228AF8A0EAE">
<createdBy>Admin</createdBy>
<createdTime>2020-01-09 08:48:12 UTC</createdTime>
<ownerDesignName>Final ERD of Normalization</ownerDesignName>
<useDomainConstraints>false</useDomainConstraints>
<use>1</use>
<logicalDatatype>LOGDT011</logicalDatatype>
<ownDataTypeParameters>,,</ownDataTypeParameters>
<autoIncrementCycle>false</autoIncrementCycle>
</Column>
<Column name="Destination" id="19902AD7-8275-271D-6C17-250263430F7C">
<createdBy>Admin</createdBy>
<createdTime>2020-01-09 08:48:29 UTC</createdTime>
<ownerDesignName>Final ERD of Normalization</ownerDesignName>
<useDomainConstraints>false</useDomainConstraints>
<use>1</use>
<logicalDatatype>LOGDT024</logicalDatatype>
<dataTypeSize>50</dataTypeSize>
<ownDataTypeParameters>50,,</ownDataTypeParameters>
<autoIncrementCycle>false</autoIncrementCycle>
</Column>
</columns>
<indexes itemClass="oracle.dbtools.crest.model.design.relational.Index">
<ind_PK_UK id="0B47BFA8-6B97-E575-EA21-1E8892B58578" name="Destination_PK">
<createdBy>Admin</createdBy>
<createdTime>2020-01-09 08:48:12 UTC</createdTime>
<ownerDesignName>Final ERD of Normalization</ownerDesignName>
<pk>true</pk>
<indexState>Primary Constraint</indexState>
<isSurrogateKey>false</isSurrogateKey>
<indexColumnUsage>
<colUsage columnID="079D491C-AA7D-13D9-6F1E-F228AF8A0EAE"/>
</indexColumnUsage>
</ind_PK_UK>
</indexes>
</Table>