<?xml version = '1.0' encoding = 'UTF-8'?>
<Table class="oracle.dbtools.crest.model.design.relational.Table" directorySegmentName="seg_0" id="8F11B7F5-A5A2-C930-FF2D-2DD66742723C" name="Package">
<createdBy>Admin</createdBy>
<createdTime>2020-01-09 08:43:07 UTC</createdTime>
<ownerDesignName>Final ERD of Normalization</ownerDesignName>
<ordsAlias>table_4</ordsAlias>
<allowColumnReorder>false</allowColumnReorder>
<existDependencyGenerateInDDl>true</existDependencyGenerateInDDl>
<parsed>true</parsed>
<columns itemClass="oracle.dbtools.crest.model.design.relational.Column">
<Column name="Package_ID" id="B53721EF-21A4-27FF-3819-8737571AD4C9">
<createdBy>Admin</createdBy>
<createdTime>2020-01-09 08:43:31 UTC</createdTime>
<ownerDesignName>Final ERD of Normalization</ownerDesignName>
<useDomainConstraints>false</useDomainConstraints>
<use>1</use>
<logicalDatatype>LOGDT011</logicalDatatype>
<ownDataTypeParameters>,,</ownDataTypeParameters>
<autoIncrementCycle>false</autoIncrementCycle>
</Column>
<Column name="Package_Name" id="BE9A94D4-1C9E-771C-C37E-B2C3710D7F70">
<createdBy>Admin</createdBy>
<createdTime>2020-01-09 08:43:47 UTC</createdTime>
<ownerDesignName>Final ERD of Normalization</ownerDesignName>
<useDomainConstraints>false</useDomainConstraints>
<use>1</use>
<logicalDatatype>LOGDT024</logicalDatatype>
<dataTypeSize>50</dataTypeSize>
<ownDataTypeParameters>50,,</ownDataTypeParameters>
<autoIncrementCycle>false</autoIncrementCycle>
</Column>
<Column name="Start_Date" id="60D575FD-A116-4368-B36E-3806EEAAEA47">
<createdBy>Admin</createdBy>
<createdTime>2020-01-09 08:44:05 UTC</createdTime>
<ownerDesignName>Final ERD of Normalization</ownerDesignName>
<useDomainConstraints>false</useDomainConstraints>
<use>1</use>
<logicalDatatype>LOGDT007</logicalDatatype>
<ownDataTypeParameters>,,</ownDataTypeParameters>
<autoIncrementCycle>false</autoIncrementCycle>
</Column>
<Column name="End_Date" id="EA0181FE-38C4-85F3-3550-36B42F32261A">
<createdBy>Admin</createdBy>
<createdTime>2020-01-09 08:44:22 UTC</createdTime>
<ownerDesignName>Final ERD of Normalization</ownerDesignName>
<useDomainConstraints>false</useDomainConstraints>
<use>1</use>
<logicalDatatype>LOGDT007</logicalDatatype>
<ownDataTypeParameters>,,</ownDataTypeParameters>
<autoIncrementCycle>false</autoIncrementCycle>
</Column>
<Column name="Tour_Guide" id="27B7E854-32AD-B558-A6F4-7A31A54DAEAE">
<createdBy>Admin</createdBy>
<createdTime>2020-01-09 08:44:39 UTC</createdTime>
<ownerDesignName>Final ERD of Normalization</ownerDesignName>
<useDomainConstraints>false</useDomainConstraints>
<use>1</use>
<logicalDatatype>LOGDT024</logicalDatatype>
<dataTypeSize>50</dataTypeSize>
<ownDataTypeParameters>50,,</ownDataTypeParameters>
<autoIncrementCycle>false</autoIncrementCycle>
</Column>
<Column name="Total_No_of_Days" id="D69625E2-ADF4-2835-1DCB-57EBBF4C897E">
<createdBy>Admin</createdBy>
<createdTime>2020-01-09 08:44:57 UTC</createdTime>
<ownerDesignName>Final ERD of Normalization</ownerDesignName>
<useDomainConstraints>false</useDomainConstraints>
<use>1</use>
<ownDataTypeParameters>,,</ownDataTypeParameters>
<autoIncrementCycle>false</autoIncrementCycle>
</Column>
<Column name="Difficulty" id="CBF4184C-DEF3-A701-884A-5E62F8B8E512">
<createdBy>Admin</createdBy>
<createdTime>2020-01-09 08:45:14 UTC</createdTime>
<ownerDesignName>Final ERD of Normalization</ownerDesignName>
<useDomainConstraints>false</useDomainConstraints>
<use>1</use>
<logicalDatatype>LOGDT024</logicalDatatype>
<dataTypeSize>50</dataTypeSize>
<ownDataTypeParameters>50,,</ownDataTypeParameters>
<autoIncrementCycle>false</autoIncrementCycle>
</Column>
</columns>
<indexes itemClass="oracle.dbtools.crest.model.design.relational.Index">
<ind_PK_UK id="17ACCDDD-F6D5-0E7D-D362-5A7E0484E0F5" name="Package_PK">
<createdBy>Admin</createdBy>
<createdTime>2020-01-09 08:43:31 UTC</createdTime>
<ownerDesignName>Final ERD of Normalization</ownerDesignName>
<pk>true</pk>
<indexState>Primary Constraint</indexState>
<isSurrogateKey>false</isSurrogateKey>
<indexColumnUsage>
<colUsage columnID="B53721EF-21A4-27FF-3819-8737571AD4C9"/>
</indexColumnUsage>
</ind_PK_UK>
</indexes>
</Table>