<?xml version = '1.0' encoding = 'UTF-8'?>
<FKIndexAssociation class="oracle.dbtools.crest.model.design.relational.FKIndexAssociation" directorySegmentName="seg_0" id="6101EC1B-9FCE-9C01-2D31-7B61CCE69F47" containerWithKeyObject="44C2606A-4710-3433-D143-1456D4AB1750" localFKIndex="A64FAFAE-BDA6-C658-1D04-7674D6771B7E" name="PackageActivity_Activity_FK">
<createdBy>Admin</createdBy>
<createdTime>2020-01-12 02:47:34 UTC</createdTime>
<ownerDesignName>Final ERD of Normalization</ownerDesignName>
<deleteRule>NO ACTION</deleteRule>
<referredTableID>35362C93-5A3E-0B64-5C5D-03D4F129BCA5</referredTableID>
<keyObject>180EC3DD-B822-7229-3ABF-1F73D52B1E08</keyObject>
<referredKeyID>180EC3DD-B822-7229-3ABF-1F73D52B1E08</referredKeyID>
<mandatory>true</mandatory>
<transferable>true</transferable>
<rely>false</rely>
<columnDependencyConstraintGenerateInDDL>true</columnDependencyConstraintGenerateInDDL>
</FKIndexAssociation>