<?xml version = '1.0' encoding = 'UTF-8'?>
<FKIndexAssociation class="oracle.dbtools.crest.model.design.relational.FKIndexAssociation" directorySegmentName="seg_0" id="A63CF20C-F505-D483-4FD3-B3A76142EA17" containerWithKeyObject="E605240A-2EA9-15C6-26F1-4EE3CE08D030" localFKIndex="4F98BD74-402E-A304-3460-CB16424C0E4C" name="Staff_Designation_FK">
<createdBy>Admin</createdBy>
<createdTime>2020-01-30 06:07:56 UTC</createdTime>
<ownerDesignName>Final ERD of Normalization</ownerDesignName>
<deleteRule>NO ACTION</deleteRule>
<referredTableID>896E9E22-92BB-B5DD-682B-B39157A7EB03</referredTableID>
<keyObject>2F62F89E-6864-85D1-61D5-6B0B5A289782</keyObject>
<referredKeyID>2F62F89E-6864-85D1-61D5-6B0B5A289782</referredKeyID>
<mandatory>true</mandatory>
<transferable>true</transferable>
<rely>false</rely>
<columnDependencyConstraintGenerateInDDL>true</columnDependencyConstraintGenerateInDDL>
</FKIndexAssociation>