<?xml version = '1.0' encoding = 'UTF-8'?>
<Table class="oracle.dbtools.crest.model.design.relational.Table" directorySegmentName="seg_0" id="34758E7E-B45F-A02B-47BF-FF8E4EB02E70" name="Package">
<createdBy>Admin</createdBy>
<createdTime>2020-01-09 10:18:29 UTC</createdTime>
<ownerDesignName>Final ERD of Normalization</ownerDesignName>
<ordsAlias>table_4</ordsAlias>
<allowColumnReorder>false</allowColumnReorder>
<existDependencyGenerateInDDl>true</existDependencyGenerateInDDl>
<parsed>true</parsed>
<columns itemClass="oracle.dbtools.crest.model.design.relational.Column">
<Column name="Package_ID" id="66CF166A-CE2D-969E-C2F2-60BC588E6FC4">
<createdBy>Admin</createdBy>
<createdTime>2020-01-09 10:18:29 UTC</createdTime>
<ownerDesignName>Final ERD of Normalization</ownerDesignName>
<useDomainConstraints>false</useDomainConstraints>
<use>1</use>
<logicalDatatype>LOGDT011</logicalDatatype>
<ownDataTypeParameters>,,</ownDataTypeParameters>
<autoIncrementCycle>false</autoIncrementCycle>
</Column>
<Column name="Package_Name" id="389F32B4-3CEE-56CE-416B-E08BA9D8ED7C">
<createdBy>Admin</createdBy>
<createdTime>2020-01-09 10:18:29 UTC</createdTime>
<ownerDesignName>Final ERD of Normalization</ownerDesignName>
<useDomainConstraints>false</useDomainConstraints>
<use>1</use>
<logicalDatatype>LOGDT024</logicalDatatype>
<dataTypeSize>50</dataTypeSize>
<ownDataTypeParameters>50,,</ownDataTypeParameters>
<autoIncrementCycle>false</autoIncrementCycle>
</Column>
<Column name="Start_Date" id="EFB20164-E144-5B29-0088-9BADCD169BC9">
<createdBy>Admin</createdBy>
<createdTime>2020-01-09 10:18:29 UTC</createdTime>
<ownerDesignName>Final ERD of Normalization</ownerDesignName>
<useDomainConstraints>false</useDomainConstraints>
<use>1</use>
<logicalDatatype>LOGDT007</logicalDatatype>
<ownDataTypeParameters>,,</ownDataTypeParameters>
<autoIncrementCycle>false</autoIncrementCycle>
</Column>
<Column name="End_Date" id="58D13982-6AEC-BC4B-4DCB-5E055BEA01BF">
<createdBy>Admin</createdBy>
<createdTime>2020-01-09 10:18:29 UTC</createdTime>
<ownerDesignName>Final ERD of Normalization</ownerDesignName>
<useDomainConstraints>false</useDomainConstraints>
<use>1</use>
<logicalDatatype>LOGDT007</logicalDatatype>
<ownDataTypeParameters>,,</ownDataTypeParameters>
<autoIncrementCycle>false</autoIncrementCycle>
</Column>
<Column name="Tour_Guide" id="FB7CEE7C-69A2-173B-05F1-9232C4688BFD">
<createdBy>Admin</createdBy>
<createdTime>2020-01-09 10:18:29 UTC</createdTime>
<ownerDesignName>Final ERD of Normalization</ownerDesignName>
<useDomainConstraints>false</useDomainConstraints>
<use>1</use>
<logicalDatatype>LOGDT024</logicalDatatype>
<dataTypeSize>50</dataTypeSize>
<ownDataTypeParameters>50,,</ownDataTypeParameters>
<autoIncrementCycle>false</autoIncrementCycle>
</Column>
<Column name="Total_No_of_Days" id="B4BB37F2-9CE4-B244-F05D-373A3E41A6C3">
<createdBy>Admin</createdBy>
<createdTime>2020-01-09 10:18:29 UTC</createdTime>
<ownerDesignName>Final ERD of Normalization</ownerDesignName>
<useDomainConstraints>false</useDomainConstraints>
<use>1</use>
<ownDataTypeParameters>,,</ownDataTypeParameters>
<autoIncrementCycle>false</autoIncrementCycle>
</Column>
<Column name="Difficulty" id="111D56D5-457A-E8D0-07B7-545710346F00">
<createdBy>Admin</createdBy>
<createdTime>2020-01-09 10:18:29 UTC</createdTime>
<ownerDesignName>Final ERD of Normalization</ownerDesignName>
<useDomainConstraints>false</useDomainConstraints>
<use>1</use>
<logicalDatatype>LOGDT024</logicalDatatype>
<dataTypeSize>50</dataTypeSize>
<ownDataTypeParameters>50,,</ownDataTypeParameters>
<autoIncrementCycle>false</autoIncrementCycle>
</Column>
</columns>
<indexes itemClass="oracle.dbtools.crest.model.design.relational.Index">
<ind_PK_UK id="D3BF0363-BC15-2A26-A0F1-437EA15ED69B" name="Package_PK">
<createdBy>Admin</createdBy>
<createdTime>2020-01-09 10:18:29 UTC</createdTime>
<ownerDesignName>Final ERD of Normalization</ownerDesignName>
<pk>true</pk>
<indexState>Primary Constraint</indexState>
<isSurrogateKey>false</isSurrogateKey>
<indexColumnUsage>
<colUsage columnID="66CF166A-CE2D-969E-C2F2-60BC588E6FC4"/>
</indexColumnUsage>
</ind_PK_UK>
</indexes>
</Table>