<?xml version = '1.0' encoding = 'UTF-8'?>
<FKIndexAssociation class="oracle.dbtools.crest.model.design.relational.FKIndexAssociation" directorySegmentName="seg_0" id="26138C17-A577-351D-A203-84CE0D8A1D6D" containerWithKeyObject="7ABD1434-8CE3-F3E0-1F42-EB5614247FD0" localFKIndex="9CB5B1DC-0097-7A88-00A4-87DEFE09E667" name="Package_Days_Package_FK">
<createdBy>Admin</createdBy>
<createdTime>2020-01-09 10:18:30 UTC</createdTime>
<ownerDesignName>Final ERD of Normalization</ownerDesignName>
<deleteRule>NO ACTION</deleteRule>
<referredTableID>34758E7E-B45F-A02B-47BF-FF8E4EB02E70</referredTableID>
<keyObject>D3BF0363-BC15-2A26-A0F1-437EA15ED69B</keyObject>
<referredKeyID>D3BF0363-BC15-2A26-A0F1-437EA15ED69B</referredKeyID>
<mandatory>true</mandatory>
<transferable>true</transferable>
<rely>false</rely>
<columnDependencyConstraintGenerateInDDL>true</columnDependencyConstraintGenerateInDDL>
</FKIndexAssociation>