<?xml version = '1.0' encoding = 'UTF-8'?>
<Diagram class="oracle.dbtools.crest.swingui.relational.DPVRelational" name="Relational_4" id="EA11CE92-50FE-FD0D-42D6-C167F14DB000">
<createdBy>Admin</createdBy>
<modifiedBy>Admin</modifiedBy>
<createdTime>2020-01-10 08:31:54 UTC</createdTime>
<autoRoute>false</autoRoute>
<boxInbox>true</boxInbox>
<showLegend>false</showLegend>
<showLabels>false</showLabels>
<showRelAttributes>false</showRelAttributes>
<gridEnabled>false</gridEnabled>
<showGrid>false</showGrid>
<diagramColor>-1</diagramColor>
<display>false</display>
<notation>1</notation>
<objectViews>
<OView class="oracle.dbtools.crest.swingui.relational.TVTable" oid="47339793-8F3D-E1AD-3A3D-A5C96D0B0151" otype="Table" vid="ACDAF5AA-26EF-B049-74D5-6F99B3FF0757">
<hideElementsInCurrentOnly>false</hideElementsInCurrentOnly>
<bounds x="543" y="312" width="288" height="119"/>
</OView>
<OView class="oracle.dbtools.crest.swingui.relational.TVTable" oid="65C07EE9-E7A2-179A-24CF-891428A2AD14" otype="Table" vid="C6D94AC5-B411-24AC-07BE-3B12A799BD0F">
<hideElementsInCurrentOnly>false</hideElementsInCurrentOnly>
<bounds x="556" y="46" width="248" height="153"/>
</OView>
<OView class="oracle.dbtools.crest.swingui.relational.TVTable" oid="B6671BFD-FA6D-C8C0-1592-8D557CB84138" otype="Table" vid="0E938660-AE60-3F27-5264-5ECC7C72347E">
<hideElementsInCurrentOnly>false</hideElementsInCurrentOnly>
<bounds x="47" y="308" width="320" height="158"/>
</OView>
<OView class="oracle.dbtools.crest.swingui.relational.TVTable" oid="C5B55103-6BBD-EA0E-8208-4F49C8EB283A" otype="Table" vid="AC6F0368-F5CA-32C4-193C-76B576B06C73">
<hideElementsInCurrentOnly>false</hideElementsInCurrentOnly>
<bounds x="78" y="67" width="263" height="139"/>
</OView>
<OView class="oracle.dbtools.crest.swingui.relational.TVTable" oid="D2FD75FF-0296-5663-F702-4FAA44E7C78B" otype="Table" vid="F11AB099-14C8-7FC2-E7F4-F6436AC6EED7">
<hideElementsInCurrentOnly>false</hideElementsInCurrentOnly>
<bounds x="67" y="541" width="263" height="105"/>
</OView>
</objectViews>
<connectors>
<Connector class="oracle.dbtools.crest.swingui.relational.TVFKRelation" oid="6AD74794-C599-B9CD-E8C6-8E4344697841" otype="FKIndexAssociation" vid_source="AC6F0368-F5CA-32C4-193C-76B576B06C73" vid_target="0E938660-AE60-3F27-5264-5ECC7C72347E">
<hideElementsInCurrentOnly>false</hideElementsInCurrentOnly>
<lineWidth>1</lineWidth>
<points>
<point x="209" y="206"/>
<point x="209" y="308"/>
</points>
</Connector>
<Connector class="oracle.dbtools.crest.swingui.relational.TVFKRelation" oid="EBFB1246-4F5C-FF44-EACF-8C46AD9465D1" otype="FKIndexAssociation" vid_source="C6D94AC5-B411-24AC-07BE-3B12A799BD0F" vid_target="ACDAF5AA-26EF-B049-74D5-6F99B3FF0757">
<hideElementsInCurrentOnly>false</hideElementsInCurrentOnly>
<lineWidth>1</lineWidth>
<points>
<point x="675" y="199"/>
<point x="680" y="312"/>
</points>
</Connector>
<Connector class="oracle.dbtools.crest.swingui.relational.TVFKRelation" oid="EF212495-34A6-8470-213D-37A29BB3048E" otype="FKIndexAssociation" vid_source="F11AB099-14C8-7FC2-E7F4-F6436AC6EED7" vid_target="0E938660-AE60-3F27-5264-5ECC7C72347E">
<hideElementsInCurrentOnly>false</hideElementsInCurrentOnly>
<lineWidth>1</lineWidth>
<points>
<point x="198" y="541"/>
<point x="198" y="466"/>
</points>
</Connector>
<Connector class="oracle.dbtools.crest.swingui.relational.TVFKRelation" oid="F28CB55B-496E-4EBB-2A13-B26B147F8E01" otype="FKIndexAssociation" vid_source="C6D94AC5-B411-24AC-07BE-3B12A799BD0F" vid_target="AC6F0368-F5CA-32C4-193C-76B576B06C73">
<hideElementsInCurrentOnly>false</hideElementsInCurrentOnly>
<lineWidth>1</lineWidth>
<points>
<point x="556" y="133"/>
<point x="341" y="133"/>
</points>
</Connector>
</connectors>
</Diagram>