<?xml version = '1.0' encoding = 'UTF-8'?>
<Table class="oracle.dbtools.crest.model.design.relational.Table" directorySegmentName="seg_0" id="47339793-8F3D-E1AD-3A3D-A5C96D0B0151" name="PackageDestination">
<createdBy>Admin</createdBy>
<createdTime>2020-01-10 08:52:06 UTC</createdTime>
<ownerDesignName>Final ERD of Normalization</ownerDesignName>
<ordsAlias>table_9</ordsAlias>
<allowColumnReorder>false</allowColumnReorder>
<existDependencyGenerateInDDl>true</existDependencyGenerateInDDl>
<parsed>true</parsed>
<columns itemClass="oracle.dbtools.crest.model.design.relational.Column">
<Column name="Package_Package_Id" id="F590282F-AA03-6488-774D-9703817F70B1">
<createdBy>Admin</createdBy>
<createdTime>2020-01-10 08:52:35 UTC</createdTime>
<ownerDesignName>Final ERD of Normalization</ownerDesignName>
<useDomainConstraints>false</useDomainConstraints>
<use>1</use>
<logicalDatatype>LOGDT011</logicalDatatype>
<ownDataTypeParameters>,,</ownDataTypeParameters>
<previousColumn>false</previousColumn>
<autoIncrementCycle>false</autoIncrementCycle>
<associations>
<colAssociation fkAssociation="EBFB1246-4F5C-FF44-EACF-8C46AD9465D1" referredColumn="FEA820FF-BAE5-BFD4-71EC-A52B5D7A4B43"/>
</associations>
</Column>
<Column name="Destination" id="B2F33DD5-57B7-7060-86F9-F49FFBD23611">
<createdBy>Admin</createdBy>
<createdTime>2020-01-10 08:53:00 UTC</createdTime>
<ownerDesignName>Final ERD of Normalization</ownerDesignName>
<useDomainConstraints>false</useDomainConstraints>
<use>1</use>
<logicalDatatype>LOGDT024</logicalDatatype>
<dataTypeSize>50</dataTypeSize>
<ownDataTypeParameters>50,,</ownDataTypeParameters>
<autoIncrementCycle>false</autoIncrementCycle>
</Column>
</columns>
<indexes itemClass="oracle.dbtools.crest.model.design.relational.Index">
<ind_PK_UK id="136E2707-65CC-A6F4-4D94-83E356AB1218" name="PackageDestination_PK">
<createdBy>Admin</createdBy>
<createdTime>2020-01-10 08:53:00 UTC</createdTime>
<ownerDesignName>Final ERD of Normalization</ownerDesignName>
<pk>true</pk>
<indexState>Primary Constraint</indexState>
<isSurrogateKey>false</isSurrogateKey>
<indexColumnUsage>
<colUsage columnID="B2F33DD5-57B7-7060-86F9-F49FFBD23611"/>
</indexColumnUsage>
</ind_PK_UK>
<ind_PK_UK id="57B0B541-809A-F763-45D1-BCD7669FF68E" name="PackageDestination_Package_FK">
<createdBy>Admin</createdBy>
<createdTime>2020-01-10 08:52:35 UTC</createdTime>
<ownerDesignName>Final ERD of Normalization</ownerDesignName>
<indexState>Foreign Key</indexState>
<isSurrogateKey>false</isSurrogateKey>
<indexColumnUsage>
<colUsage columnID="F590282F-AA03-6488-774D-9703817F70B1"/>
</indexColumnUsage>
</ind_PK_UK>
</indexes>
</Table>