<?xml version = '1.0' encoding = 'UTF-8'?>
<Table class="oracle.dbtools.crest.model.design.relational.Table" directorySegmentName="seg_0" id="65C07EE9-E7A2-179A-24CF-891428A2AD14" name="Package">
<createdBy>Admin</createdBy>
<createdTime>2020-01-10 08:33:01 UTC</createdTime>
<ownerDesignName>Final ERD of Normalization</ownerDesignName>
<ordsAlias>table_1</ordsAlias>
<allowColumnReorder>false</allowColumnReorder>
<existDependencyGenerateInDDl>true</existDependencyGenerateInDDl>
<parsed>true</parsed>
<columns itemClass="oracle.dbtools.crest.model.design.relational.Column">
<Column name="Package_Id" id="FEA820FF-BAE5-BFD4-71EC-A52B5D7A4B43">
<createdBy>Admin</createdBy>
<createdTime>2020-01-10 08:33:31 UTC</createdTime>
<ownerDesignName>Final ERD of Normalization</ownerDesignName>
<useDomainConstraints>false</useDomainConstraints>
<use>1</use>
<logicalDatatype>LOGDT011</logicalDatatype>
<ownDataTypeParameters>,,</ownDataTypeParameters>
<autoIncrementCycle>false</autoIncrementCycle>
</Column>
<Column name="Package_Name" id="017BAE0F-3F4D-976E-03C1-1FE0B0F5DD6D">
<createdBy>Admin</createdBy>
<createdTime>2020-01-10 08:33:49 UTC</createdTime>
<ownerDesignName>Final ERD of Normalization</ownerDesignName>
<useDomainConstraints>false</useDomainConstraints>
<use>1</use>
<logicalDatatype>LOGDT024</logicalDatatype>
<dataTypeSize>50</dataTypeSize>
<ownDataTypeParameters>50,,</ownDataTypeParameters>
<autoIncrementCycle>false</autoIncrementCycle>
</Column>
<Column name="Start_Date" id="5AFFAD77-782A-905F-DD4A-E202D0F19CB1">
<createdBy>Admin</createdBy>
<createdTime>2020-01-10 08:34:29 UTC</createdTime>
<ownerDesignName>Final ERD of Normalization</ownerDesignName>
<useDomainConstraints>false</useDomainConstraints>
<use>1</use>
<logicalDatatype>LOGDT007</logicalDatatype>
<ownDataTypeParameters>,,</ownDataTypeParameters>
<autoIncrementCycle>false</autoIncrementCycle>
</Column>
<Column name="End_Date" id="7EAB1EED-74F4-E403-7E9C-E58BE925B357">
<createdBy>Admin</createdBy>
<createdTime>2020-01-10 08:35:28 UTC</createdTime>
<ownerDesignName>Final ERD of Normalization</ownerDesignName>
<useDomainConstraints>false</useDomainConstraints>
<use>1</use>
<logicalDatatype>LOGDT007</logicalDatatype>
<ownDataTypeParameters>,,</ownDataTypeParameters>
<autoIncrementCycle>false</autoIncrementCycle>
</Column>
<Column name="Tour_Guide" id="4CA2EB31-B0AC-2ABF-0C7A-E60D6EF67D9E">
<createdBy>Admin</createdBy>
<createdTime>2020-01-10 08:35:45 UTC</createdTime>
<ownerDesignName>Final ERD of Normalization</ownerDesignName>
<useDomainConstraints>false</useDomainConstraints>
<use>1</use>
<logicalDatatype>LOGDT024</logicalDatatype>
<dataTypeSize>50</dataTypeSize>
<ownDataTypeParameters>50,,</ownDataTypeParameters>
<autoIncrementCycle>false</autoIncrementCycle>
</Column>
<Column name="Total_No_of_Days" id="E1FA4121-3617-8FD4-B38E-F67247B690B6">
<createdBy>Admin</createdBy>
<createdTime>2020-01-10 08:36:18 UTC</createdTime>
<ownerDesignName>Final ERD of Normalization</ownerDesignName>
<useDomainConstraints>false</useDomainConstraints>
<use>1</use>
<logicalDatatype>LOGDT011</logicalDatatype>
<ownDataTypeParameters>,,</ownDataTypeParameters>
<autoIncrementCycle>false</autoIncrementCycle>
</Column>
<Column name="Difficulty" id="E637A416-1C65-228E-4E1B-EC4FF5119F35">
<createdBy>Admin</createdBy>
<createdTime>2020-01-10 08:36:44 UTC</createdTime>
<ownerDesignName>Final ERD of Normalization</ownerDesignName>
<useDomainConstraints>false</useDomainConstraints>
<use>1</use>
<logicalDatatype>LOGDT024</logicalDatatype>
<dataTypeSize>50</dataTypeSize>
<ownDataTypeParameters>50,,</ownDataTypeParameters>
<autoIncrementCycle>false</autoIncrementCycle>
</Column>
</columns>
<indexes itemClass="oracle.dbtools.crest.model.design.relational.Index">
<ind_PK_UK id="A5A99139-97A6-4819-E8B6-8F6218620094" name="Package_PK">
<createdBy>Admin</createdBy>
<createdTime>2020-01-10 08:33:31 UTC</createdTime>
<ownerDesignName>Final ERD of Normalization</ownerDesignName>
<pk>true</pk>
<indexState>Primary Constraint</indexState>
<isSurrogateKey>false</isSurrogateKey>
<indexColumnUsage>
<colUsage columnID="FEA820FF-BAE5-BFD4-71EC-A52B5D7A4B43"/>
</indexColumnUsage>
</ind_PK_UK>
</indexes>
</Table>